Class,Precision,Recall,AP50
Bus,1.0,1.0,0.995
Microbus,0.9848737163659237,0.9534883720930233,0.9757411764705883
Minivan,0.9509281640605375,0.9228832030866853,0.9535951219512195
Sedan,0.9775399755362189,0.9848484848484849,0.9878301962990316
SUV,0.9627516321826982,0.9477124183006536,0.970587965792198
Truck,0.9732771898941649,0.9712560260840991,0.9812724926971762
