{
    "pixel_points": [
        [
            336.0,
            191.0
        ],
        [
            375.0,
            231.0
        ],
        [
            421.0,
            281.0
        ],
        [
            478.0,
            340.0
        ],
        [
            549.0,
            416.0
        ],
        [
            646.0,
            513.0
        ],
        [
            779.0,
            648.0
        ],
        [
            454.0,
            190.0
        ],
        [
            637.0,
            337.0
        ],
        [
            1027.0,
            641.0
        ],
        [
            315.0,
            344.0
        ],
        [
            526.0,
            652.0
        ]
    ],
    "world_points": [
        [
            0.0,
            0.0
        ],
        [
            0.0,
            30.0
        ],
        [
            0.0,
            60.0
        ],
        [
            0.0,
            90.0
        ],
        [
            0.0,
            120.0
        ],
        [
            0.0,
            160.0
        ],
        [
            0.0,
            180.0
        ],
        [
            3.75,
            0.0
        ],
        [
            3.75,
            90.0
        ],
        [
            3.75,
            180.0
        ],
        [
            -3.75,
            90.0
        ],
        [
            -3.75,
            180.0
        ]
    ],
    "homography_matrix": [
        [
            0.05487973922067065,
            -0.053262242899311765,
            -8.146160975649043
        ],
        [
            0.01963337211089381,
            1.4426108336247414,
            -282.43706935829545
        ],
        [
            1.1835510938747086e-05,
            0.004160677044081614,
            1.0
        ]
    ],
    "calibration_error": 6.830239772796631,
    "frame_width": 1280,
    "frame_height": 736,
    "fps": 30
}